DATE,BALL ONE,BALL TWO,BALL THREE,BALL FOUR,BALL FIVE,BONUS
2020-09-25,12,22,26,46,49,4
2020-09-22,2,8,12,37,47,15
2020-09-18,14,40,41,45,47,7
2020-09-15,1,12,19,27,28,1
2020-09-11,7,12,24,25,34,9
2020-09-08,22,24,29,33,40,10
2020-09-04,8,9,11,30,45,1
2020-09-01,1,14,31,33,45,11
2020-08-28,9,11,14,22,27,4
2020-08-25,2,11,25,28,42,3
2020-08-21,2,9,18,25,43,2
2020-08-18,1,15,25,35,49,7
2020-08-14,3,7,15,23,33,17
2020-08-11,1,13,20,28,45,11
2020-08-07,14,15,22,23,29,11
2020-08-04,5,13,21,31,33,14
2020-07-31,5,8,9,24,29,12
2020-07-28,9,12,13,45,48,2
2020-07-24,7,10,18,23,45,13
2020-07-21,4,5,30,32,48,1
2020-07-17,1,20,28,29,35,6
2020-07-14,6,11,25,39,48,3
2020-07-10,7,13,23,37,39,7
2020-07-07,4,5,10,47,50,16
2020-07-03,4,13,15,22,29,7
2020-06-30,6,27,28,38,45,3
2020-06-26,7,15,20,22,39,8
2020-06-23,10,13,24,32,35,20
2020-06-19,1,3,9,18,40,19
2020-06-16,4,11,18,22,46,10
2020-06-12,3,20,22,41,45,1
2020-06-09,21,22,25,31,42,20
2020-06-05,3,7,26,29,48,14
2020-06-02,2,3,5,11,42,2
2020-05-29,4,9,24,32,34,5
2020-05-26,5,6,26,29,49,10
2020-05-22,18,26,27,35,36,9
2020-05-19,8,17,25,29,31,1
2020-05-15,2,12,43,44,45,13
2020-05-12,5,6,8,28,50,18
2020-05-08,3,16,34,37,44,9
2020-05-05,2,12,18,32,33,2
2020-05-01,8,17,18,34,44,9
2020-04-28,9,18,37,39,48,4
2020-04-24,3,12,22,24,28,19
2020-04-21,13,19,36,37,43,9
2020-04-17,8,9,16,45,49,18
2020-04-14,3,4,25,31,46,8
2020-04-10,10,13,22,27,41,4
2020-04-07,11,12,21,41,45,19
2020-09-25,12,22,26,46,49,4
2020-09-22,2,8,12,37,47,15
2020-09-18,14,40,41,45,47,7
2020-09-15,1,12,19,27,28,1
2020-09-11,7,12,24,25,34,9
2020-09-08,22,24,29,33,40,10
2020-09-04,8,9,11,30,45,1
2020-09-01,1,14,31,33,45,11
2020-08-28,9,11,14,22,27,4
2020-08-25,2,11,25,28,42,3
2020-08-21,2,9,18,25,43,2
2020-08-18,1,15,25,35,49,7
2020-08-14,3,7,15,23,33,17
2020-08-11,1,13,20,28,45,11
2020-08-07,14,15,22,23,29,11
2020-08-04,5,13,21,31,33,14
2020-07-31,5,8,9,24,29,12
2020-07-28,9,12,13,45,48,2
2020-07-24,7,10,18,23,45,13
2020-07-21,4,5,30,32,48,1
2020-07-17,1,20,28,29,35,6
2020-07-14,6,11,25,39,48,3
2020-07-10,7,13,23,37,39,7
2020-07-07,4,5,10,47,50,16
2020-07-03,4,13,15,22,29,7
2020-06-30,6,27,28,38,45,3
2020-06-26,7,15,20,22,39,8
2020-06-23,10,13,24,32,35,20
2020-06-19,1,3,9,18,40,19
2020-06-16,4,11,18,22,46,10
2020-06-12,3,20,22,41,45,1
2020-06-09,21,22,25,31,42,20
2020-06-05,3,7,26,29,48,14
2020-06-02,2,3,5,11,42,2
2020-05-29,4,9,24,32,34,5
2020-05-26,5,6,26,29,49,10
2020-05-22,18,26,27,35,36,9
2020-05-19,8,17,25,29,31,1
2020-05-15,2,12,43,44,45,13
2020-05-12,5,6,8,28,50,18
2020-05-08,3,16,34,37,44,9
2020-05-05,2,12,18,32,33,2
2020-05-01,8,17,18,34,44,9
2020-04-28,9,18,37,39,48,4
2020-04-24,3,12,22,24,28,19
2020-04-21,13,19,36,37,43,9
2020-04-17,8,9,16,45,49,18
2020-04-14,3,4,25,31,46,8
2020-04-10,10,13,22,27,41,4
2020-04-07,11,12,21,41,45,19
2020-09-25,12,22,26,46,49,4
2020-09-22,2,8,12,37,47,15
2020-09-18,14,40,41,45,47,7
2020-09-15,1,12,19,27,28,1
2020-09-11,7,12,24,25,34,9
2020-09-08,22,24,29,33,40,10
2020-09-04,8,9,11,30,45,1
2020-09-01,1,14,31,33,45,11
2020-08-28,9,11,14,22,27,4
2020-08-25,2,11,25,28,42,3
2020-08-21,2,9,18,25,43,2
2020-08-18,1,15,25,35,49,7
2020-08-14,3,7,15,23,33,17
2020-08-11,1,13,20,28,45,11
2020-08-07,14,15,22,23,29,11
2020-08-04,5,13,21,31,33,14
2020-07-31,5,8,9,24,29,12
2020-07-28,9,12,13,45,48,2
2020-07-24,7,10,18,23,45,13
2020-07-21,4,5,30,32,48,1
2020-07-17,1,20,28,29,35,6
2020-07-14,6,11,25,39,48,3
2020-07-10,7,13,23,37,39,7
2020-07-07,4,5,10,47,50,16
2020-07-03,4,13,15,22,29,7
2020-06-30,6,27,28,38,45,3
2020-06-26,7,15,20,22,39,8
2020-06-23,10,13,24,32,35,20
2020-06-19,1,3,9,18,40,19
2020-06-16,4,11,18,22,46,10
2020-06-12,3,20,22,41,45,1
2020-06-09,21,22,25,31,42,20
2020-06-05,3,7,26,29,48,14
2020-06-02,2,3,5,11,42,2
2020-05-29,4,9,24,32,34,5
2020-05-26,5,6,26,29,49,10
2020-05-22,18,26,27,35,36,9
2020-05-19,8,17,25,29,31,1
2020-05-15,2,12,43,44,45,13
2020-05-12,5,6,8,28,50,18
2020-05-08,3,16,34,37,44,9
2020-05-05,2,12,18,32,33,2
2020-05-01,8,17,18,34,44,9
2020-04-28,9,18,37,39,48,4
2020-04-24,3,12,22,24,28,19
2020-04-21,13,19,36,37,43,9
2020-04-17,8,9,16,45,49,18
2020-04-14,3,4,25,31,46,8
2020-04-10,10,13,22,27,41,4
2020-04-07,11,12,21,41,45,19
2020-09-25,12,22,26,46,49,4
2020-09-22,2,8,12,37,47,15
2020-09-18,14,40,41,45,47,7
2020-09-15,1,12,19,27,28,1
2020-09-11,7,12,24,25,34,9
2020-09-08,22,24,29,33,40,10
2020-09-04,8,9,11,30,45,1
2020-09-01,1,14,31,33,45,11
2020-08-28,9,11,14,22,27,4
2020-08-25,2,11,25,28,42,3
2020-08-21,2,9,18,25,43,2
2020-08-18,1,15,25,35,49,7
2020-08-14,3,7,15,23,33,17
2020-08-11,1,13,20,28,45,11
2020-08-07,14,15,22,23,29,11
2020-08-04,5,13,21,31,33,14
2020-07-31,5,8,9,24,29,12
2020-07-28,9,12,13,45,48,2
2020-07-24,7,10,18,23,45,13
2020-07-21,4,5,30,32,48,1
2020-07-17,1,20,28,29,35,6
2020-07-14,6,11,25,39,48,3
2020-07-10,7,13,23,37,39,7
2020-07-07,4,5,10,47,50,16
2020-07-03,4,13,15,22,29,7
2020-06-30,6,27,28,38,45,3
2020-06-26,7,15,20,22,39,8
2020-06-23,10,13,24,32,35,20
2020-06-19,1,3,9,18,40,19
2020-06-16,4,11,18,22,46,10
2020-06-12,3,20,22,41,45,1
2020-06-09,21,22,25,31,42,20
2020-06-05,3,7,26,29,48,14
2020-06-02,2,3,5,11,42,2
2020-05-29,4,9,24,32,34,5
2020-05-26,5,6,26,29,49,10
2020-05-22,18,26,27,35,36,9
2020-05-19,8,17,25,29,31,1
2020-05-15,2,12,43,44,45,13
2020-05-12,5,6,8,28,50,18
2020-05-08,3,16,34,37,44,9
2020-05-05,2,12,18,32,33,2
2020-05-01,8,17,18,34,44,9
2020-04-28,9,18,37,39,48,4
2020-04-24,3,12,22,24,28,19
2020-04-21,13,19,36,37,43,9
2020-04-17,8,9,16,45,49,18
2020-04-14,3,4,25,31,46,8
2020-04-10,10,13,22,27,41,4
2020-04-07,11,12,21,41,45,19
2020-09-25,12,22,26,46,49,4
2020-09-22,2,8,12,37,47,15
2020-09-18,14,40,41,45,47,7
2020-09-15,1,12,19,27,28,1
2020-09-11,7,12,24,25,34,9
2020-09-08,22,24,29,33,40,10
2020-09-04,8,9,11,30,45,1
2020-09-01,1,14,31,33,45,11
2020-08-28,9,11,14,22,27,4
2020-08-25,2,11,25,28,42,3
2020-08-21,2,9,18,25,43,2
2020-08-18,1,15,25,35,49,7
2020-08-14,3,7,15,23,33,17
2020-08-11,1,13,20,28,45,11
2020-08-07,14,15,22,23,29,11
2020-08-04,5,13,21,31,33,14
2020-07-31,5,8,9,24,29,12
2020-07-28,9,12,13,45,48,2
2020-07-24,7,10,18,23,45,13
2020-07-21,4,5,30,32,48,1
2020-07-17,1,20,28,29,35,6
2020-07-14,6,11,25,39,48,3
2020-07-10,7,13,23,37,39,7
2020-07-07,4,5,10,47,50,16
2020-07-03,4,13,15,22,29,7
2020-06-30,6,27,28,38,45,3
2020-06-26,7,15,20,22,39,8
2020-06-23,10,13,24,32,35,20
2020-06-19,1,3,9,18,40,19
2020-06-16,4,11,18,22,46,10
2020-06-12,3,20,22,41,45,1
2020-06-09,21,22,25,31,42,20
2020-06-05,3,7,26,29,48,14
2020-06-02,2,3,5,11,42,2
2020-05-29,4,9,24,32,34,5
2020-05-26,5,6,26,29,49,10
2020-05-22,18,26,27,35,36,9
2020-05-19,8,17,25,29,31,1
2020-05-15,2,12,43,44,45,13
2020-05-12,5,6,8,28,50,18
2020-05-08,3,16,34,37,44,9
2020-05-05,2,12,18,32,33,2
2020-05-01,8,17,18,34,44,9
2020-04-28,9,18,37,39,48,4
2020-04-24,3,12,22,24,28,19
2020-04-21,13,19,36,37,43,9
2020-04-17,8,9,16,45,49,18
2020-04-14,3,4,25,31,46,8
2020-04-10,10,13,22,27,41,4
2020-04-07,11,12,21,41,45,19
2020-04-03,8,19,21,29,50,13
2020-03-31,5,35,37,42,50,20
2020-03-27,2,16,28,36,39,16
2020-03-24,6,12,24,34,45,12
2020-03-20,1,18,27,36,37,5
2020-03-17,11,20,22,25,50,16
2020-03-13,2,13,35,44,50,4
2020-03-10,2,3,15,32,36,5
2020-03-06,2,16,19,36,50,15
2020-03-03,13,25,33,39,44,17
2020-02-28,5,17,19,24,26,16
2020-02-25,1,16,38,47,48,4
2020-02-21,1,8,13,25,43,6
2020-02-18,14,20,27,45,47,14
2020-02-14,2,3,9,10,33,12
2020-02-11,7,12,15,18,45,17
2020-02-07,13,20,40,41,45,17
2020-02-04,17,18,23,28,45,13
2020-01-31,1,3,8,16,30,18
2020-01-28,1,4,19,29,33,20
2020-01-24,7,21,33,37,48,14
2020-01-21,14,30,33,46,49,19
2020-01-17,4,13,19,21,24,4
2020-01-14,5,6,12,15,17,17
2020-01-10,7,8,9,27,44,1
2020-01-07,4,17,29,34,39,1
2020-01-03,1,4,6,31,34,5
2019-12-31,1,9,17,26,35,3
2019-12-27,22,27,33,43,46,18
2019-12-24,4,21,22,42,50,7
2019-12-20,7,9,27,35,46,12
2019-12-17,13,18,21,35,36,16
2019-12-13,4,10,13,21,27,19
2019-12-10,14,16,19,27,30,5
2019-12-06,14,19,34,44,49,4
2019-12-03,12,24,43,46,49,12
2019-11-29,17,27,30,34,37,20
2019-11-26,5,12,17,31,34,16
2019-11-22,3,14,15,27,32,12
2019-11-19,31,32,39,45,47,16
2019-11-15,18,21,25,29,34,3
2019-11-12,3,25,36,42,44,15
2019-11-08,1,13,19,37,42,18
2019-11-05,16,21,31,36,39,7
2019-11-01,4,26,30,32,36,7
2019-10-29,12,14,26,28,45,7
2019-10-25,3,6,23,29,47,19
2019-10-22,29,31,33,37,46,15
2019-10-18,7,9,11,23,28,4
2019-10-15,2,3,29,34,46,2
2020-04-03,8,19,21,29,50,13
2020-03-31,5,35,37,42,50,20
2020-03-27,2,16,28,36,39,16
2020-03-24,6,12,24,34,45,12
2020-03-20,1,18,27,36,37,5
2020-03-17,11,20,22,25,50,16
2020-03-13,2,13,35,44,50,4
2020-03-10,2,3,15,32,36,5
2020-03-06,2,16,19,36,50,15
2020-03-03,13,25,33,39,44,17
2020-02-28,5,17,19,24,26,16
2020-02-25,1,16,38,47,48,4
2020-02-21,1,8,13,25,43,6
2020-02-18,14,20,27,45,47,14
2020-02-14,2,3,9,10,33,12
2020-02-11,7,12,15,18,45,17
2020-02-07,13,20,40,41,45,17
2020-02-04,17,18,23,28,45,13
2020-01-31,1,3,8,16,30,18
2020-01-28,1,4,19,29,33,20
2020-01-24,7,21,33,37,48,14
2020-01-21,14,30,33,46,49,19
2020-01-17,4,13,19,21,24,4
2020-01-14,5,6,12,15,17,17
2020-01-10,7,8,9,27,44,1
2020-01-07,4,17,29,34,39,1
2020-01-03,1,4,6,31,34,5
2019-12-31,1,9,17,26,35,3
2019-12-27,22,27,33,43,46,18
2019-12-24,4,21,22,42,50,7
2019-12-20,7,9,27,35,46,12
2019-12-17,13,18,21,35,36,16
2019-12-13,4,10,13,21,27,19
2019-12-10,14,16,19,27,30,5
2019-12-06,14,19,34,44,49,4
2019-12-03,12,24,43,46,49,12
2019-11-29,17,27,30,34,37,20
2019-11-26,5,12,17,31,34,16
2019-11-22,3,14,15,27,32,12
2019-11-19,31,32,39,45,47,16
2019-11-15,18,21,25,29,34,3
2019-11-12,3,25,36,42,44,15
2019-11-08,1,13,19,37,42,18
2019-11-05,16,21,31,36,39,7
2019-11-01,4,26,30,32,36,7
2019-10-29,12,14,26,28,45,7
2019-10-25,3,6,23,29,47,19
2019-10-22,29,31,33,37,46,15
2019-10-18,7,9,11,23,28,4
2019-10-15,2,3,29,34,46,2
2020-04-03,8,19,21,29,50,13
2020-03-31,5,35,37,42,50,20
2020-03-27,2,16,28,36,39,16
2020-03-24,6,12,24,34,45,12
2020-03-20,1,18,27,36,37,5
2020-03-17,11,20,22,25,50,16
2020-03-13,2,13,35,44,50,4
2020-03-10,2,3,15,32,36,5
2020-03-06,2,16,19,36,50,15
2020-03-03,13,25,33,39,44,17
2020-02-28,5,17,19,24,26,16
2020-02-25,1,16,38,47,48,4
2020-02-21,1,8,13,25,43,6
2020-02-18,14,20,27,45,47,14
2020-02-14,2,3,9,10,33,12
2020-02-11,7,12,15,18,45,17
2020-02-07,13,20,40,41,45,17
2020-02-04,17,18,23,28,45,13
2020-01-31,1,3,8,16,30,18
2020-01-28,1,4,19,29,33,20
2020-01-24,7,21,33,37,48,14
2020-01-21,14,30,33,46,49,19
2020-01-17,4,13,19,21,24,4
2020-01-14,5,6,12,15,17,17
2020-01-10,7,8,9,27,44,1
2020-01-07,4,17,29,34,39,1
2020-01-03,1,4,6,31,34,5
2019-12-31,1,9,17,26,35,3
2019-12-27,22,27,33,43,46,18
2019-12-24,4,21,22,42,50,7
2019-12-20,7,9,27,35,46,12
2019-12-17,13,18,21,35,36,16
2019-12-13,4,10,13,21,27,19
2019-12-10,14,16,19,27,30,5
2019-12-06,14,19,34,44,49,4
2019-12-03,12,24,43,46,49,12
2019-11-29,17,27,30,34,37,20
2019-11-26,5,12,17,31,34,16
2019-11-22,3,14,15,27,32,12
2019-11-19,31,32,39,45,47,16
2019-11-15,18,21,25,29,34,3
2019-11-12,3,25,36,42,44,15
2019-11-08,1,13,19,37,42,18
2019-11-05,16,21,31,36,39,7
2019-11-01,4,26,30,32,36,7
2019-10-29,12,14,26,28,45,7
2019-10-25,3,6,23,29,47,19
2019-10-22,29,31,33,37,46,15
2019-10-18,7,9,11,23,28,4
2019-10-15,2,3,29,34,46,2
2020-04-03,8,19,21,29,50,13
2020-03-31,5,35,37,42,50,20
2020-03-27,2,16,28,36,39,16
2020-03-24,6,12,24,34,45,12
2020-03-20,1,18,27,36,37,5
2020-03-17,11,20,22,25,50,16
2020-03-13,2,13,35,44,50,4
2020-03-10,2,3,15,32,36,5
2020-03-06,2,16,19,36,50,15
2020-03-03,13,25,33,39,44,17
2020-02-28,5,17,19,24,26,16
2020-02-25,1,16,38,47,48,4
2020-02-21,1,8,13,25,43,6
2020-02-18,14,20,27,45,47,14
2020-02-14,2,3,9,10,33,12
2020-02-11,7,12,15,18,45,17
2020-02-07,13,20,40,41,45,17
2020-02-04,17,18,23,28,45,13
2020-01-31,1,3,8,16,30,18
2020-01-28,1,4,19,29,33,20
2020-01-24,7,21,33,37,48,14
2020-01-21,14,30,33,46,49,19
2020-01-17,4,13,19,21,24,4
2020-01-14,5,6,12,15,17,17
2020-01-10,7,8,9,27,44,1
2020-01-07,4,17,29,34,39,1
2020-01-03,1,4,6,31,34,5
2019-12-31,1,9,17,26,35,3
2019-12-27,22,27,33,43,46,18
2019-12-24,4,21,22,42,50,7
2019-12-20,7,9,27,35,46,12
2019-12-17,13,18,21,35,36,16
2019-12-13,4,10,13,21,27,19
2019-12-10,14,16,19,27,30,5
2019-12-06,14,19,34,44,49,4
2019-12-03,12,24,43,46,49,12
2019-11-29,17,27,30,34,37,20
2019-11-26,5,12,17,31,34,16
2019-11-22,3,14,15,27,32,12
2019-11-19,31,32,39,45,47,16
2019-11-15,18,21,25,29,34,3
2019-11-12,3,25,36,42,44,15
2019-11-08,1,13,19,37,42,18
2019-11-05,16,21,31,36,39,7
2019-11-01,4,26,30,32,36,7
2019-10-29,12,14,26,28,45,7
2019-10-25,3,6,23,29,47,19
2019-10-22,29,31,33,37,46,15
2019-10-18,7,9,11,23,28,4
2019-10-15,2,3,29,34,46,2
2020-04-03,8,19,21,29,50,13
2020-03-31,5,35,37,42,50,20
2020-03-27,2,16,28,36,39,16
2020-03-24,6,12,24,34,45,12
2020-03-20,1,18,27,36,37,5
2020-03-17,11,20,22,25,50,16
2020-03-13,2,13,35,44,50,4
2020-03-10,2,3,15,32,36,5
2020-03-06,2,16,19,36,50,15
2020-03-03,13,25,33,39,44,17
2020-02-28,5,17,19,24,26,16
2020-02-25,1,16,38,47,48,4
2020-02-21,1,8,13,25,43,6
2020-02-18,14,20,27,45,47,14
2020-02-14,2,3,9,10,33,12
2020-02-11,7,12,15,18,45,17
2020-02-07,13,20,40,41,45,17
2020-02-04,17,18,23,28,45,13
2020-01-31,1,3,8,16,30,18
2020-01-28,1,4,19,29,33,20
2020-01-24,7,21,33,37,48,14
2020-01-21,14,30,33,46,49,19
2020-01-17,4,13,19,21,24,4
2020-01-14,5,6,12,15,17,17
2020-01-10,7,8,9,27,44,1
2020-01-07,4,17,29,34,39,1
2020-01-03,1,4,6,31,34,5
2019-12-31,1,9,17,26,35,3
2019-12-27,22,27,33,43,46,18
2019-12-24,4,21,22,42,50,7
2019-12-20,7,9,27,35,46,12
2019-12-17,13,18,21,35,36,16
2019-12-13,4,10,13,21,27,19
2019-12-10,14,16,19,27,30,5
2019-12-06,14,19,34,44,49,4
2019-12-03,12,24,43,46,49,12
2019-11-29,17,27,30,34,37,20
2019-11-26,5,12,17,31,34,16
2019-11-22,3,14,15,27,32,12
2019-11-19,31,32,39,45,47,16
2019-11-15,18,21,25,29,34,3
2019-11-12,3,25,36,42,44,15
2019-11-08,1,13,19,37,42,18
2019-11-05,16,21,31,36,39,7
2019-11-01,4,26,30,32,36,7
2019-10-29,12,14,26,28,45,7
2019-10-25,3,6,23,29,47,19
2019-10-22,29,31,33,37,46,15
2019-10-18,7,9,11,23,28,4
2019-10-15,2,3,29,34,46,2
2019-10-11,18,24,37,39,44,10
2019-10-08,19,28,33,42,46,4
2019-10-04,18,37,38,46,48,1
2019-10-01,11,16,17,24,50,2
2019-09-27,14,30,35,40,41,6
2019-09-24,9,15,20,28,37,20
2019-09-20,11,23,24,25,44,13
2019-09-17,22,29,33,38,45,5
2019-09-13,3,13,27,32,35,14
2019-09-10,2,14,20,31,38,2
2019-09-06,2,4,14,35,43,14
2019-09-03,2,9,14,29,30,8
2019-08-30,9,10,14,19,28,2
2019-08-27,3,8,10,26,42,17
2019-08-23,19,20,21,37,42,5
2019-08-20,3,19,23,28,41,15
2019-08-16,18,25,29,41,44,2
2019-08-13,6,9,11,35,45,11
2019-08-09,1,16,18,28,37,11
2019-08-06,5,14,28,29,40,18
2019-08-02,8,15,17,28,40,12
2019-07-30,6,10,16,40,45,13
2019-07-26,8,38,40,48,49,8
2019-07-23,2,20,23,25,46,8
2019-07-19,7,22,34,44,49,12
2019-07-16,1,19,34,48,50,13
2019-07-12,2,14,15,22,45,2
2019-07-09,2,10,22,36,38,19
2019-07-05,7,11,13,18,37,17
2019-07-02,11,15,19,25,28,4
2019-06-28,31,36,40,45,50,10
2019-06-25,9,11,27,42,46,13
2019-06-21,19,24,30,34,46,15
2019-06-18,18,25,38,39,41,4
2019-06-14,5,20,37,42,47,5
2019-06-11,7,8,29,47,48,14
2019-06-07,19,21,23,36,50,6
2019-06-04,21,28,33,36,39,4
2019-05-31,4,18,25,28,47,11
2019-05-28,15,18,31,32,45,18
2019-05-24,5,9,24,29,39,19
2019-05-21,7,21,33,38,41,19
2019-05-17,2,3,7,10,29,10
2019-05-14,8,12,16,24,50,8
2019-05-10,1,7,15,19,47,10
2019-05-07,6,15,20,21,35,6
2019-05-03,13,25,27,33,37,16
2019-04-30,15,19,21,36,49,6
2019-04-26,6,19,45,47,50,1
2019-04-23,3,23,25,38,44,9
2019-10-11,18,24,37,39,44,10
2019-10-08,19,28,33,42,46,4
2019-10-04,18,37,38,46,48,1
2019-10-01,11,16,17,24,50,2
2019-09-27,14,30,35,40,41,6
2019-09-24,9,15,20,28,37,20
2019-09-20,11,23,24,25,44,13
2019-09-17,22,29,33,38,45,5
2019-09-13,3,13,27,32,35,14
2019-09-10,2,14,20,31,38,2
2019-09-06,2,4,14,35,43,14
2019-09-03,2,9,14,29,30,8
2019-08-30,9,10,14,19,28,2
2019-08-27,3,8,10,26,42,17
2019-08-23,19,20,21,37,42,5
2019-08-20,3,19,23,28,41,15
2019-08-16,18,25,29,41,44,2
2019-08-13,6,9,11,35,45,11
2019-08-09,1,16,18,28,37,11
2019-08-06,5,14,28,29,40,18
2019-08-02,8,15,17,28,40,12
2019-07-30,6,10,16,40,45,13
2019-07-26,8,38,40,48,49,8
2019-07-23,2,20,23,25,46,8
2019-07-19,7,22,34,44,49,12
2019-07-16,1,19,34,48,50,13
2019-07-12,2,14,15,22,45,2
2019-07-09,2,10,22,36,38,19
2019-07-05,7,11,13,18,37,17
2019-07-02,11,15,19,25,28,4
2019-06-28,31,36,40,45,50,10
2019-06-25,9,11,27,42,46,13
2019-06-21,19,24,30,34,46,15
2019-06-18,18,25,38,39,41,4
2019-06-14,5,20,37,42,47,5
2019-06-11,7,8,29,47,48,14
2019-06-07,19,21,23,36,50,6
2019-06-04,21,28,33,36,39,4
2019-05-31,4,18,25,28,47,11
2019-05-28,15,18,31,32,45,18
2019-05-24,5,9,24,29,39,19
2019-05-21,7,21,33,38,41,19
2019-05-17,2,3,7,10,29,10
2019-05-14,8,12,16,24,50,8
2019-05-10,1,7,15,19,47,10
2019-05-07,6,15,20,21,35,6
2019-05-03,13,25,27,33,37,16
2019-04-30,15,19,21,36,49,6
2019-04-26,6,19,45,47,50,1
2019-04-23,3,23,25,38,44,9
2019-10-11,18,24,37,39,44,10
2019-10-08,19,28,33,42,46,4
2019-10-04,18,37,38,46,48,1
2019-10-01,11,16,17,24,50,2
2019-09-27,14,30,35,40,41,6
2019-09-24,9,15,20,28,37,20
2019-09-20,11,23,24,25,44,13
2019-09-17,22,29,33,38,45,5
2019-09-13,3,13,27,32,35,14
2019-09-10,2,14,20,31,38,2
2019-09-06,2,4,14,35,43,14
2019-09-03,2,9,14,29,30,8
2019-08-30,9,10,14,19,28,2
2019-08-27,3,8,10,26,42,17
2019-08-23,19,20,21,37,42,5
2019-08-20,3,19,23,28,41,15
2019-08-16,18,25,29,41,44,2
2019-08-13,6,9,11,35,45,11
2019-08-09,1,16,18,28,37,11
2019-08-06,5,14,28,29,40,18
2019-08-02,8,15,17,28,40,12
2019-07-30,6,10,16,40,45,13
2019-07-26,8,38,40,48,49,8
2019-07-23,2,20,23,25,46,8
2019-07-19,7,22,34,44,49,12
2019-07-16,1,19,34,48,50,13
2019-07-12,2,14,15,22,45,2
2019-07-09,2,10,22,36,38,19
2019-07-05,7,11,13,18,37,17
2019-07-02,11,15,19,25,28,4
2019-06-28,31,36,40,45,50,10
2019-06-25,9,11,27,42,46,13
2019-06-21,19,24,30,34,46,15
2019-06-18,18,25,38,39,41,4
2019-06-14,5,20,37,42,47,5
2019-06-11,7,8,29,47,48,14
2019-06-07,19,21,23,36,50,6
2019-06-04,21,28,33,36,39,4
2019-05-31,4,18,25,28,47,11
2019-05-28,15,18,31,32,45,18
2019-05-24,5,9,24,29,39,19
2019-05-21,7,21,33,38,41,19
2019-05-17,2,3,7,10,29,10
2019-05-14,8,12,16,24,50,8
2019-05-10,1,7,15,19,47,10
2019-05-07,6,15,20,21,35,6
2019-05-03,13,25,27,33,37,16
2019-04-30,15,19,21,36,49,6
2019-04-26,6,19,45,47,50,1
2019-04-23,3,23,25,38,44,9
2019-10-11,18,24,37,39,44,10
2019-10-08,19,28,33,42,46,4
2019-10-04,18,37,38,46,48,1
2019-10-01,11,16,17,24,50,2
2019-09-27,14,30,35,40,41,6
2019-09-24,9,15,20,28,37,20
2019-09-20,11,23,24,25,44,13
2019-09-17,22,29,33,38,45,5
2019-09-13,3,13,27,32,35,14
2019-09-10,2,14,20,31,38,2
2019-09-06,2,4,14,35,43,14
2019-09-03,2,9,14,29,30,8
2019-08-30,9,10,14,19,28,2
2019-08-27,3,8,10,26,42,17
2019-08-23,19,20,21,37,42,5
2019-08-20,3,19,23,28,41,15
2019-08-16,18,25,29,41,44,2
2019-08-13,6,9,11,35,45,11
2019-08-09,1,16,18,28,37,11
2019-08-06,5,14,28,29,40,18
2019-08-02,8,15,17,28,40,12
2019-07-30,6,10,16,40,45,13
2019-07-26,8,38,40,48,49,8
2019-07-23,2,20,23,25,46,8
2019-07-19,7,22,34,44,49,12
2019-07-16,1,19,34,48,50,13
2019-07-12,2,14,15,22,45,2
2019-07-09,2,10,22,36,38,19
2019-07-05,7,11,13,18,37,17
2019-07-02,11,15,19,25,28,4
2019-06-28,31,36,40,45,50,10
2019-06-25,9,11,27,42,46,13
2019-06-21,19,24,30,34,46,15
2019-06-18,18,25,38,39,41,4
2019-06-14,5,20,37,42,47,5
2019-06-11,7,8,29,47,48,14
2019-06-07,19,21,23,36,50,6
2019-06-04,21,28,33,36,39,4
2019-05-31,4,18,25,28,47,11
2019-05-28,15,18,31,32,45,18
2019-05-24,5,9,24,29,39,19
2019-05-21,7,21,33,38,41,19
2019-05-17,2,3,7,10,29,10
2019-05-14,8,12,16,24,50,8
2019-05-10,1,7,15,19,47,10
2019-05-07,6,15,20,21,35,6
2019-05-03,13,25,27,33,37,16
2019-04-30,15,19,21,36,49,6
2019-04-26,6,19,45,47,50,1
2019-04-23,3,23,25,38,44,9
2019-10-11,18,24,37,39,44,10
2019-10-08,19,28,33,42,46,4
2019-10-04,18,37,38,46,48,1
2019-10-01,11,16,17,24,50,2
2019-09-27,14,30,35,40,41,6
2019-09-24,9,15,20,28,37,20
2019-09-20,11,23,24,25,44,13
2019-09-17,22,29,33,38,45,5
2019-09-13,3,13,27,32,35,14
2019-09-10,2,14,20,31,38,2
2019-09-06,2,4,14,35,43,14
2019-09-03,2,9,14,29,30,8
2019-08-30,9,10,14,19,28,2
2019-08-27,3,8,10,26,42,17
2019-08-23,19,20,21,37,42,5
2019-08-20,3,19,23,28,41,15
2019-08-16,18,25,29,41,44,2
2019-08-13,6,9,11,35,45,11
2019-08-09,1,16,18,28,37,11
2019-08-06,5,14,28,29,40,18
2019-08-02,8,15,17,28,40,12
2019-07-30,6,10,16,40,45,13
2019-07-26,8,38,40,48,49,8
2019-07-23,2,20,23,25,46,8
2019-07-19,7,22,34,44,49,12
2019-07-16,1,19,34,48,50,13
2019-07-12,2,14,15,22,45,2
2019-07-09,2,10,22,36,38,19
2019-07-05,7,11,13,18,37,17
2019-07-02,11,15,19,25,28,4
2019-06-28,31,36,40,45,50,10
2019-06-25,9,11,27,42,46,13
2019-06-21,19,24,30,34,46,15
2019-06-18,18,25,38,39,41,4
2019-06-14,5,20,37,42,47,5
2019-06-11,7,8,29,47,48,14
2019-06-07,19,21,23,36,50,6
2019-06-04,21,28,33,36,39,4
2019-05-31,4,18,25,28,47,11
2019-05-28,15,18,31,32,45,18
2019-05-24,5,9,24,29,39,19
2019-05-21,7,21,33,38,41,19
2019-05-17,2,3,7,10,29,10
2019-05-14,8,12,16,24,50,8
2019-05-10,1,7,15,19,47,10
2019-05-07,6,15,20,21,35,6
2019-05-03,13,25,27,33,37,16
2019-04-30,15,19,21,36,49,6
2019-04-26,6,19,45,47,50,1
2019-04-23,3,23,25,38,44,9
2019-04-19,1,8,35,38,40,7
2019-04-16,1,18,33,46,48,6
2019-04-12,1,31,35,44,49,2
2019-04-09,10,28,34,37,48,8
2019-04-05,2,11,17,19,40,11
2019-04-02,5,11,21,24,45,1
2019-03-29,3,13,14,30,45,2
2019-03-26,16,19,38,40,50,5
2019-03-22,5,8,25,31,36,4
2019-03-19,8,15,21,22,35,5
2019-03-15,17,22,42,46,50,1
2019-03-12,18,21,24,26,36,14
2019-03-08,16,29,34,38,47,10
2019-03-05,5,8,20,30,41,2
2019-03-01,5,24,30,33,34,6
2019-02-26,5,15,26,44,47,12
2019-02-22,1,20,24,34,46,17
2019-02-19,14,16,32,38,50,19
2019-02-15,7,13,19,27,36,13
2019-02-12,14,16,19,31,34,7
2019-02-08,4,6,21,24,47,8
2019-02-05,4,7,13,33,35,19
2019-02-01,7,30,34,41,45,7
2019-01-29,13,24,28,35,37,9
2019-01-25,10,20,23,26,45,3
2019-01-22,17,28,40,42,45,16
2019-01-18,12,14,26,28,45,3
2019-01-15,2,3,15,20,49,20
2019-01-11,2,3,12,14,20,1
2019-01-08,17,25,31,38,39,7
2019-01-04,24,27,34,44,45,18
2019-01-01,6,25,29,32,48,18
2018-12-28,10,24,30,45,48,16
2018-12-25,27,36,37,43,45,12
2018-12-21,21,36,37,39,44,13
2018-12-18,1,11,16,22,48,13
2018-12-14,7,30,33,42,49,19
2018-12-11,3,8,12,24,28,10
2018-12-07,3,16,26,33,43,6
2018-12-04,7,10,13,39,45,5
2018-11-30,4,13,14,26,35,3
2018-11-27,4,12,22,41,46,5
2018-11-23,4,9,35,43,45,5
2018-11-20,23,35,39,40,44,8
2018-11-16,1,23,37,43,46,11
2018-11-13,9,16,20,26,41,15
2018-11-09,15,19,22,41,43,11
2018-11-06,1,5,19,25,46,7
2018-11-02,11,28,39,40,45,16
2018-10-30,22,28,31,36,40,14
2019-04-19,1,8,35,38,40,7
2019-04-16,1,18,33,46,48,6
2019-04-12,1,31,35,44,49,2
2019-04-09,10,28,34,37,48,8
2019-04-05,2,11,17,19,40,11
2019-04-02,5,11,21,24,45,1
2019-03-29,3,13,14,30,45,2
2019-03-26,16,19,38,40,50,5
2019-03-22,5,8,25,31,36,4
2019-03-19,8,15,21,22,35,5
2019-03-15,17,22,42,46,50,1
2019-03-12,18,21,24,26,36,14
2019-03-08,16,29,34,38,47,10
2019-03-05,5,8,20,30,41,2
2019-03-01,5,24,30,33,34,6
2019-02-26,5,15,26,44,47,12
2019-02-22,1,20,24,34,46,17
2019-02-19,14,16,32,38,50,19
2019-02-15,7,13,19,27,36,13
2019-02-12,14,16,19,31,34,7
2019-02-08,4,6,21,24,47,8
2019-02-05,4,7,13,33,35,19
2019-02-01,7,30,34,41,45,7
2019-01-29,13,24,28,35,37,9
2019-01-25,10,20,23,26,45,3
2019-01-22,17,28,40,42,45,16
2019-01-18,12,14,26,28,45,3
2019-01-15,2,3,15,20,49,20
2019-01-11,2,3,12,14,20,1
2019-01-08,17,25,31,38,39,7
2019-01-04,24,27,34,44,45,18
2019-01-01,6,25,29,32,48,18
2018-12-28,10,24,30,45,48,16
2018-12-25,27,36,37,43,45,12
2018-12-21,21,36,37,39,44,13
2018-12-18,1,11,16,22,48,13
2018-12-14,7,30,33,42,49,19
2018-12-11,3,8,12,24,28,10
2018-12-07,3,16,26,33,43,6
2018-12-04,7,10,13,39,45,5
2018-11-30,4,13,14,26,35,3
2018-11-27,4,12,22,41,46,5
2018-11-23,4,9,35,43,45,5
2018-11-20,23,35,39,40,44,8
2018-11-16,1,23,37,43,46,11
2018-11-13,9,16,20,26,41,15
2018-11-09,15,19,22,41,43,11
2018-11-06,1,5,19,25,46,7
2018-11-02,11,28,39,40,45,16
2018-10-30,22,28,31,36,40,14
2019-04-19,1,8,35,38,40,7
2019-04-16,1,18,33,46,48,6
2019-04-12,1,31,35,44,49,2
2019-04-09,10,28,34,37,48,8
2019-04-05,2,11,17,19,40,11
2019-04-02,5,11,21,24,45,1
2019-03-29,3,13,14,30,45,2
2019-03-26,16,19,38,40,50,5
2019-03-22,5,8,25,31,36,4
2019-03-19,8,15,21,22,35,5
2019-03-15,17,22,42,46,50,1
2019-03-12,18,21,24,26,36,14
2019-03-08,16,29,34,38,47,10
2019-03-05,5,8,20,30,41,2
2019-03-01,5,24,30,33,34,6
2019-02-26,5,15,26,44,47,12
2019-02-22,1,20,24,34,46,17
2019-02-19,14,16,32,38,50,19
2019-02-15,7,13,19,27,36,13
2019-02-12,14,16,19,31,34,7
2019-02-08,4,6,21,24,47,8
2019-02-05,4,7,13,33,35,19
2019-02-01,7,30,34,41,45,7
2019-01-29,13,24,28,35,37,9
2019-01-25,10,20,23,26,45,3
2019-01-22,17,28,40,42,45,16
2019-01-18,12,14,26,28,45,3
2019-01-15,2,3,15,20,49,20
2019-01-11,2,3,12,14,20,1
2019-01-08,17,25,31,38,39,7
2019-01-04,24,27,34,44,45,18
2019-01-01,6,25,29,32,48,18
2018-12-28,10,24,30,45,48,16
2018-12-25,27,36,37,43,45,12
2018-12-21,21,36,37,39,44,13
2018-12-18,1,11,16,22,48,13
2018-12-14,7,30,33,42,49,19
2018-12-11,3,8,12,24,28,10
2018-12-07,3,16,26,33,43,6
2018-12-04,7,10,13,39,45,5
2018-11-30,4,13,14,26,35,3
2018-11-27,4,12,22,41,46,5
2018-11-23,4,9,35,43,45,5
2018-11-20,23,35,39,40,44,8
2018-11-16,1,23,37,43,46,11
2018-11-13,9,16,20,26,41,15
2018-11-09,15,19,22,41,43,11
2018-11-06,1,5,19,25,46,7
2018-11-02,11,28,39,40,45,16
2018-10-30,22,28,31,36,40,14
2019-04-19,1,8,35,38,40,7
2019-04-16,1,18,33,46,48,6
2019-04-12,1,31,35,44,49,2
2019-04-09,10,28,34,37,48,8
2019-04-05,2,11,17,19,40,11
2019-04-02,5,11,21,24,45,1
2019-03-29,3,13,14,30,45,2
2019-03-26,16,19,38,40,50,5
2019-03-22,5,8,25,31,36,4
2019-03-19,8,15,21,22,35,5
2019-03-15,17,22,42,46,50,1
2019-03-12,18,21,24,26,36,14
2019-03-08,16,29,34,38,47,10
2019-03-05,5,8,20,30,41,2
2019-03-01,5,24,30,33,34,6
2019-02-26,5,15,26,44,47,12
2019-02-22,1,20,24,34,46,17
2019-02-19,14,16,32,38,50,19
2019-02-15,7,13,19,27,36,13
2019-02-12,14,16,19,31,34,7
2019-02-08,4,6,21,24,47,8
2019-02-05,4,7,13,33,35,19
2019-02-01,7,30,34,41,45,7
2019-01-29,13,24,28,35,37,9
2019-01-25,10,20,23,26,45,3
2019-01-22,17,28,40,42,45,16
2019-01-18,12,14,26,28,45,3
2019-01-15,2,3,15,20,49,20
2019-01-11,2,3,12,14,20,1
2019-01-08,17,25,31,38,39,7
2019-01-04,24,27,34,44,45,18
2019-01-01,6,25,29,32,48,18
2018-12-28,10,24,30,45,48,16
2018-12-25,27,36,37,43,45,12
2018-12-21,21,36,37,39,44,13
2018-12-18,1,11,16,22,48,13
2018-12-14,7,30,33,42,49,19
2018-12-11,3,8,12,24,28,10
2018-12-07,3,16,26,33,43,6
2018-12-04,7,10,13,39,45,5
2018-11-30,4,13,14,26,35,3
2018-11-27,4,12,22,41,46,5
2018-11-23,4,9,35,43,45,5
2018-11-20,23,35,39,40,44,8
2018-11-16,1,23,37,43,46,11
2018-11-13,9,16,20,26,41,15
2018-11-09,15,19,22,41,43,11
2018-11-06,1,5,19,25,46,7
2018-11-02,11,28,39,40,45,16
2018-10-30,22,28,31,36,40,14
2019-04-19,1,8,35,38,40,7
2019-04-16,1,18,33,46,48,6
2019-04-12,1,31,35,44,49,2
2019-04-09,10,28,34,37,48,8
2019-04-05,2,11,17,19,40,11
2019-04-02,5,11,21,24,45,1
2019-03-29,3,13,14,30,45,2
2019-03-26,16,19,38,40,50,5
2019-03-22,5,8,25,31,36,4
2019-03-19,8,15,21,22,35,5
2019-03-15,17,22,42,46,50,1
2019-03-12,18,21,24,26,36,14
2019-03-08,16,29,34,38,47,10
2019-03-05,5,8,20,30,41,2
2019-03-01,5,24,30,33,34,6
2019-02-26,5,15,26,44,47,12
2019-02-22,1,20,24,34,46,17
2019-02-19,14,16,32,38,50,19
2019-02-15,7,13,19,27,36,13
2019-02-12,14,16,19,31,34,7
2019-02-08,4,6,21,24,47,8
2019-02-05,4,7,13,33,35,19
2019-02-01,7,30,34,41,45,7
2019-01-29,13,24,28,35,37,9
2019-01-25,10,20,23,26,45,3
2019-01-22,17,28,40,42,45,16
2019-01-18,12,14,26,28,45,3
2019-01-15,2,3,15,20,49,20
2019-01-11,2,3,12,14,20,1
2019-01-08,17,25,31,38,39,7
2019-01-04,24,27,34,44,45,18
2019-01-01,6,25,29,32,48,18
2018-12-28,10,24,30,45,48,16
2018-12-25,27,36,37,43,45,12
2018-12-21,21,36,37,39,44,13
2018-12-18,1,11,16,22,48,13
2018-12-14,7,30,33,42,49,19
2018-12-11,3,8,12,24,28,10
2018-12-07,3,16,26,33,43,6
2018-12-04,7,10,13,39,45,5
2018-11-30,4,13,14,26,35,3
2018-11-27,4,12,22,41,46,5
2018-11-23,4,9,35,43,45,5
2018-11-20,23,35,39,40,44,8
2018-11-16,1,23,37,43,46,11
2018-11-13,9,16,20,26,41,15
2018-11-09,15,19,22,41,43,11
2018-11-06,1,5,19,25,46,7
2018-11-02,11,28,39,40,45,16
2018-10-30,22,28,31,36,40,14
2018-10-26,18,29,36,41,45,1
2018-10-23,13,14,28,47,48,5
2018-10-19,8,17,22,43,48,4
2018-10-16,5,9,19,36,43,14
2018-10-12,12,13,15,21,22,3
2018-10-09,1,23,37,44,48,18
2018-10-05,11,24,29,45,49,11
2018-10-02,20,22,26,32,41,15
2018-09-28,2,24,31,45,46,10
2018-09-25,15,16,20,41,43,12
2018-09-21,33,36,40,44,50,19
2018-09-18,3,12,26,33,37,16
2018-09-14,5,40,45,49,50,17
2018-09-11,2,10,36,48,50,11
2018-09-07,4,9,24,27,34,17
2018-09-04,6,22,23,44,48,11
2018-08-31,4,5,7,35,50,6
2018-08-28,14,17,19,35,46,2
2018-08-24,10,16,31,32,33,18
2018-08-21,10,20,31,32,36,17
2018-08-17,6,8,22,35,42,19
2018-08-14,6,23,38,43,47,17
2018-08-10,10,14,28,30,39,6
2018-08-07,8,14,27,35,40,2
2018-08-03,1,18,24,40,48,19
2018-07-31,12,40,42,44,45,14
2018-07-27,2,11,13,15,39,2
2018-07-24,6,17,26,41,50,16
2018-07-20,1,19,21,25,32,4
2018-07-17,12,28,31,35,41,1
2018-07-13,14,23,38,41,47,3
2018-07-10,10,14,18,33,40,12
2018-07-06,18,21,22,38,48,8
2018-07-03,20,28,29,30,39,9
2018-06-29,11,14,29,32,36,18
2018-06-26,11,23,25,43,49,12
2018-06-22,9,33,38,42,44,12
2018-06-19,17,23,39,43,50,19
2018-06-15,3,18,22,29,41,17
2018-06-12,2,5,23,30,33,11
2018-06-08,9,11,12,13,37,4
2018-06-05,5,7,13,19,44,16
2018-06-01,4,16,21,29,30,11
2018-05-29,8,17,23,28,41,9
2018-05-25,2,12,25,29,37,19
2018-05-22,2,18,35,40,41,12
2018-05-18,7,8,18,29,44,5
2018-05-15,28,32,33,37,45,11
2018-05-11,20,23,30,31,43,17
2018-05-08,4,13,24,38,39,11
2018-10-26,18,29,36,41,45,1
2018-10-23,13,14,28,47,48,5
2018-10-19,8,17,22,43,48,4
2018-10-16,5,9,19,36,43,14
2018-10-12,12,13,15,21,22,3
2018-10-09,1,23,37,44,48,18
2018-10-05,11,24,29,45,49,11
2018-10-02,20,22,26,32,41,15
2018-09-28,2,24,31,45,46,10
2018-09-25,15,16,20,41,43,12
2018-09-21,33,36,40,44,50,19
2018-09-18,3,12,26,33,37,16
2018-09-14,5,40,45,49,50,17
2018-09-11,2,10,36,48,50,11
2018-09-07,4,9,24,27,34,17
2018-09-04,6,22,23,44,48,11
2018-08-31,4,5,7,35,50,6
2018-08-28,14,17,19,35,46,2
2018-08-24,10,16,31,32,33,18
2018-08-21,10,20,31,32,36,17
2018-08-17,6,8,22,35,42,19
2018-08-14,6,23,38,43,47,17
2018-08-10,10,14,28,30,39,6
2018-08-07,8,14,27,35,40,2
2018-08-03,1,18,24,40,48,19
2018-07-31,12,40,42,44,45,14
2018-07-27,2,11,13,15,39,2
2018-07-24,6,17,26,41,50,16
2018-07-20,1,19,21,25,32,4
2018-07-17,12,28,31,35,41,1
2018-07-13,14,23,38,41,47,3
2018-07-10,10,14,18,33,40,12
2018-07-06,18,21,22,38,48,8
2018-07-03,20,28,29,30,39,9
2018-06-29,11,14,29,32,36,18
2018-06-26,11,23,25,43,49,12
2018-06-22,9,33,38,42,44,12
2018-06-19,17,23,39,43,50,19
2018-06-15,3,18,22,29,41,17
2018-06-12,2,5,23,30,33,11
2018-06-08,9,11,12,13,37,4
2018-06-05,5,7,13,19,44,16
2018-06-01,4,16,21,29,30,11
2018-05-29,8,17,23,28,41,9
2018-05-25,2,12,25,29,37,19
2018-05-22,2,18,35,40,41,12
2018-05-18,7,8,18,29,44,5
2018-05-15,28,32,33,37,45,11
2018-05-11,20,23,30,31,43,17
2018-05-08,4,13,24,38,39,11
2018-10-26,18,29,36,41,45,1
2018-10-23,13,14,28,47,48,5
2018-10-19,8,17,22,43,48,4
2018-10-16,5,9,19,36,43,14
2018-10-12,12,13,15,21,22,3
2018-10-09,1,23,37,44,48,18
2018-10-05,11,24,29,45,49,11
2018-10-02,20,22,26,32,41,15
2018-09-28,2,24,31,45,46,10
2018-09-25,15,16,20,41,43,12
2018-09-21,33,36,40,44,50,19
2018-09-18,3,12,26,33,37,16
2018-09-14,5,40,45,49,50,17
2018-09-11,2,10,36,48,50,11
2018-09-07,4,9,24,27,34,17
2018-09-04,6,22,23,44,48,11
2018-08-31,4,5,7,35,50,6
2018-08-28,14,17,19,35,46,2
2018-08-24,10,16,31,32,33,18
2018-08-21,10,20,31,32,36,17
2018-08-17,6,8,22,35,42,19
2018-08-14,6,23,38,43,47,17
2018-08-10,10,14,28,30,39,6
2018-08-07,8,14,27,35,40,2
2018-08-03,1,18,24,40,48,19
2018-07-31,12,40,42,44,45,14
2018-07-27,2,11,13,15,39,2
2018-07-24,6,17,26,41,50,16
2018-07-20,1,19,21,25,32,4
2018-07-17,12,28,31,35,41,1
2018-07-13,14,23,38,41,47,3
2018-07-10,10,14,18,33,40,12
2018-07-06,18,21,22,38,48,8
2018-07-03,20,28,29,30,39,9
2018-06-29,11,14,29,32,36,18
2018-06-26,11,23,25,43,49,12
2018-06-22,9,33,38,42,44,12
2018-06-19,17,23,39,43,50,19
2018-06-15,3,18,22,29,41,17
2018-06-12,2,5,23,30,33,11
2018-06-08,9,11,12,13,37,4
2018-06-05,5,7,13,19,44,16
2018-06-01,4,16,21,29,30,11
2018-05-29,8,17,23,28,41,9
2018-05-25,2,12,25,29,37,19
2018-05-22,2,18,35,40,41,12
2018-05-18,7,8,18,29,44,5
2018-05-15,28,32,33,37,45,11
2018-05-11,20,23,30,31,43,17
2018-05-08,4,13,24,38,39,11
2018-10-26,18,29,36,41,45,1
2018-10-23,13,14,28,47,48,5
2018-10-19,8,17,22,43,48,4
2018-10-16,5,9,19,36,43,14
2018-10-12,12,13,15,21,22,3
2018-10-09,1,23,37,44,48,18
2018-10-05,11,24,29,45,49,11
2018-10-02,20,22,26,32,41,15
2018-09-28,2,24,31,45,46,10
2018-09-25,15,16,20,41,43,12
2018-09-21,33,36,40,44,50,19
2018-09-18,3,12,26,33,37,16
2018-09-14,5,40,45,49,50,17
2018-09-11,2,10,36,48,50,11
2018-09-07,4,9,24,27,34,17
2018-09-04,6,22,23,44,48,11
2018-08-31,4,5,7,35,50,6
2018-08-28,14,17,19,35,46,2
2018-08-24,10,16,31,32,33,18
2018-08-21,10,20,31,32,36,17
2018-08-17,6,8,22,35,42,19
2018-08-14,6,23,38,43,47,17
2018-08-10,10,14,28,30,39,6
2018-08-07,8,14,27,35,40,2
2018-08-03,1,18,24,40,48,19
2018-07-31,12,40,42,44,45,14
2018-07-27,2,11,13,15,39,2
2018-07-24,6,17,26,41,50,16
2018-07-20,1,19,21,25,32,4
2018-07-17,12,28,31,35,41,1
2018-07-13,14,23,38,41,47,3
2018-07-10,10,14,18,33,40,12
2018-07-06,18,21,22,38,48,8
2018-07-03,20,28,29,30,39,9
2018-06-29,11,14,29,32,36,18
2018-06-26,11,23,25,43,49,12
2018-06-22,9,33,38,42,44,12
2018-06-19,17,23,39,43,50,19
2018-06-15,3,18,22,29,41,17
2018-06-12,2,5,23,30,33,11
2018-06-08,9,11,12,13,37,4
2018-06-05,5,7,13,19,44,16
2018-06-01,4,16,21,29,30,11
2018-05-29,8,17,23,28,41,9
2018-05-25,2,12,25,29,37,19
2018-05-22,2,18,35,40,41,12
2018-05-18,7,8,18,29,44,5
2018-05-15,28,32,33,37,45,11
2018-05-11,20,23,30,31,43,17
2018-05-08,4,13,24,38,39,11
2018-10-26,18,29,36,41,45,1
2018-10-23,13,14,28,47,48,5
2018-10-19,8,17,22,43,48,4
2018-10-16,5,9,19,36,43,14
2018-10-12,12,13,15,21,22,3
2018-10-09,1,23,37,44,48,18
2018-10-05,11,24,29,45,49,11
2018-10-02,20,22,26,32,41,15
2018-09-28,2,24,31,45,46,10
2018-09-25,15,16,20,41,43,12
2018-09-21,33,36,40,44,50,19
2018-09-18,3,12,26,33,37,16
2018-09-14,5,40,45,49,50,17
2018-09-11,2,10,36,48,50,11
2018-09-07,4,9,24,27,34,17
2018-09-04,6,22,23,44,48,11
2018-08-31,4,5,7,35,50,6
2018-08-28,14,17,19,35,46,2
2018-08-24,10,16,31,32,33,18
2018-08-21,10,20,31,32,36,17
2018-08-17,6,8,22,35,42,19
2018-08-14,6,23,38,43,47,17
2018-08-10,10,14,28,30,39,6
2018-08-07,8,14,27,35,40,2
2018-08-03,1,18,24,40,48,19
2018-07-31,12,40,42,44,45,14
2018-07-27,2,11,13,15,39,2
2018-07-24,6,17,26,41,50,16
2018-07-20,1,19,21,25,32,4
2018-07-17,12,28,31,35,41,1
2018-07-13,14,23,38,41,47,3
2018-07-10,10,14,18,33,40,12
2018-07-06,18,21,22,38,48,8
2018-07-03,20,28,29,30,39,9
2018-06-29,11,14,29,32,36,18
2018-06-26,11,23,25,43,49,12
2018-06-22,9,33,38,42,44,12
2018-06-19,17,23,39,43,50,19
2018-06-15,3,18,22,29,41,17
2018-06-12,2,5,23,30,33,11
2018-06-08,9,11,12,13,37,4
2018-06-05,5,7,13,19,44,16
2018-06-01,4,16,21,29,30,11
2018-05-29,8,17,23,28,41,9
2018-05-25,2,12,25,29,37,19
2018-05-22,2,18,35,40,41,12
2018-05-18,7,8,18,29,44,5
2018-05-15,28,32,33,37,45,11
2018-05-11,20,23,30,31,43,17
2018-05-08,4,13,24,38,39,11
2018-05-04,4,31,32,36,44,15
2018-05-01,2,6,14,29,30,5
2018-04-27,4,6,13,27,44,4
2018-04-24,2,11,23,24,33,18
2018-04-20,7,11,16,21,42,6
2018-04-17,12,21,23,31,32,11
2018-04-13,5,16,19,34,36,8
2018-04-10,12,22,26,42,43,10
2018-04-06,7,12,33,41,43,8
2018-04-03,21,22,32,40,44,6
2018-03-30,16,21,26,28,35,12
2018-03-27,8,26,30,42,44,9
2018-03-23,14,22,31,37,44,4
2018-03-20,12,19,22,40,45,8
2018-03-16,9,14,16,26,29,15
2018-03-13,17,22,23,25,45,17
2018-03-09,8,18,19,22,26,5
2018-03-06,6,11,12,19,32,20
2018-03-02,1,7,29,34,41,20
2018-02-27,7,15,30,31,36,2
2018-02-23,4,23,25,29,35,4
2018-02-20,8,15,27,28,43,15
2018-02-16,8,11,12,19,33,13
2018-02-13,20,23,27,37,44,16
2018-02-09,9,20,21,22,30,17
2018-02-06,7,13,21,26,37,12
2018-02-02,10,14,30,43,45,8
2018-01-30,2,16,23,31,35,10
2018-01-26,3,13,27,34,35,17
2018-01-23,9,10,16,35,44,13
2018-01-19,2,6,20,25,44,11
2018-01-16,7,12,13,28,42,3
2018-01-12,4,14,33,37,39,14
2018-01-09,19,23,24,32,35,13
2018-01-05,13,19,22,30,43,7
2018-01-02,6,9,26,27,42,8
2017-12-29,1,2,12,36,45,4
2017-12-26,4,6,18,24,29,18
2017-12-22,5,11,13,25,34,14
2017-12-19,13,15,25,31,35,8
2017-12-15,15,23,27,34,39,13
2017-12-12,12,22,31,33,40,1
2017-12-08,10,12,17,20,41,17
2017-12-05,9,10,18,23,27,2
2017-12-01,20,23,37,39,43,9
2017-11-28,19,24,25,32,44,19
2017-11-24,25,30,33,36,45,17
2017-11-21,9,10,25,32,37,5
2017-11-17,2,17,26,27,29,13
2017-11-14,9,15,24,26,31,2
2018-05-04,4,31,32,36,44,15
2018-05-01,2,6,14,29,30,5
2018-04-27,4,6,13,27,44,4
2018-04-24,2,11,23,24,33,18
2018-04-20,7,11,16,21,42,6
2018-04-17,12,21,23,31,32,11
2018-04-13,5,16,19,34,36,8
2018-04-10,12,22,26,42,43,10
2018-04-06,7,12,33,41,43,8
2018-04-03,21,22,32,40,44,6
2018-03-30,16,21,26,28,35,12
2018-03-27,8,26,30,42,44,9
2018-03-23,14,22,31,37,44,4
2018-03-20,12,19,22,40,45,8
2018-03-16,9,14,16,26,29,15
2018-03-13,17,22,23,25,45,17
2018-03-09,8,18,19,22,26,5
2018-03-06,6,11,12,19,32,20
2018-03-02,1,7,29,34,41,20
2018-02-27,7,15,30,31,36,2
2018-02-23,4,23,25,29,35,4
2018-02-20,8,15,27,28,43,15
2018-02-16,8,11,12,19,33,13
2018-02-13,20,23,27,37,44,16
2018-02-09,9,20,21,22,30,17
2018-02-06,7,13,21,26,37,12
2018-02-02,10,14,30,43,45,8
2018-01-30,2,16,23,31,35,10
2018-01-26,3,13,27,34,35,17
2018-01-23,9,10,16,35,44,13
2018-01-19,2,6,20,25,44,11
2018-01-16,7,12,13,28,42,3
2018-01-12,4,14,33,37,39,14
2018-01-09,19,23,24,32,35,13
2018-01-05,13,19,22,30,43,7
2018-01-02,6,9,26,27,42,8
2017-12-29,1,2,12,36,45,4
2017-12-26,4,6,18,24,29,18
2017-12-22,5,11,13,25,34,14
2017-12-19,13,15,25,31,35,8
2017-12-15,15,23,27,34,39,13
2017-12-12,12,22,31,33,40,1
2017-12-08,10,12,17,20,41,17
2017-12-05,9,10,18,23,27,2
2017-12-01,20,23,37,39,43,9
2017-11-28,19,24,25,32,44,19
2017-11-24,25,30,33,36,45,17
2017-11-21,9,10,25,32,37,5
2017-11-17,2,17,26,27,29,13
2017-11-14,9,15,24,26,31,2
2018-05-04,4,31,32,36,44,15
2018-05-01,2,6,14,29,30,5
2018-04-27,4,6,13,27,44,4
2018-04-24,2,11,23,24,33,18
2018-04-20,7,11,16,21,42,6
2018-04-17,12,21,23,31,32,11
2018-04-13,5,16,19,34,36,8
2018-04-10,12,22,26,42,43,10
2018-04-06,7,12,33,41,43,8
2018-04-03,21,22,32,40,44,6
2018-03-30,16,21,26,28,35,12
2018-03-27,8,26,30,42,44,9
2018-03-23,14,22,31,37,44,4
2018-03-20,12,19,22,40,45,8
2018-03-16,9,14,16,26,29,15
2018-03-13,17,22,23,25,45,17
2018-03-09,8,18,19,22,26,5
2018-03-06,6,11,12,19,32,20
2018-03-02,1,7,29,34,41,20
2018-02-27,7,15,30,31,36,2
2018-02-23,4,23,25,29,35,4
2018-02-20,8,15,27,28,43,15
2018-02-16,8,11,12,19,33,13
2018-02-13,20,23,27,37,44,16
2018-02-09,9,20,21,22,30,17
2018-02-06,7,13,21,26,37,12
2018-02-02,10,14,30,43,45,8
2018-01-30,2,16,23,31,35,10
2018-01-26,3,13,27,34,35,17
2018-01-23,9,10,16,35,44,13
2018-01-19,2,6,20,25,44,11
2018-01-16,7,12,13,28,42,3
2018-01-12,4,14,33,37,39,14
2018-01-09,19,23,24,32,35,13
2018-01-05,13,19,22,30,43,7
2018-01-02,6,9,26,27,42,8
2017-12-29,1,2,12,36,45,4
2017-12-26,4,6,18,24,29,18
2017-12-22,5,11,13,25,34,14
2017-12-19,13,15,25,31,35,8
2017-12-15,15,23,27,34,39,13
2017-12-12,12,22,31,33,40,1
2017-12-08,10,12,17,20,41,17
2017-12-05,9,10,18,23,27,2
2017-12-01,20,23,37,39,43,9
2017-11-28,19,24,25,32,44,19
2017-11-24,25,30,33,36,45,17
2017-11-21,9,10,25,32,37,5
2017-11-17,2,17,26,27,29,13
2017-11-14,9,15,24,26,31,2
2018-05-04,4,31,32,36,44,15
2018-05-01,2,6,14,29,30,5
2018-04-27,4,6,13,27,44,4
2018-04-24,2,11,23,24,33,18
2018-04-20,7,11,16,21,42,6
2018-04-17,12,21,23,31,32,11
2018-04-13,5,16,19,34,36,8
2018-04-10,12,22,26,42,43,10
2018-04-06,7,12,33,41,43,8
2018-04-03,21,22,32,40,44,6
2018-03-30,16,21,26,28,35,12
2018-03-27,8,26,30,42,44,9
2018-03-23,14,22,31,37,44,4
2018-03-20,12,19,22,40,45,8
2018-03-16,9,14,16,26,29,15
2018-03-13,17,22,23,25,45,17
2018-03-09,8,18,19,22,26,5
2018-03-06,6,11,12,19,32,20
2018-03-02,1,7,29,34,41,20
2018-02-27,7,15,30,31,36,2
2018-02-23,4,23,25,29,35,4
2018-02-20,8,15,27,28,43,15
2018-02-16,8,11,12,19,33,13
2018-02-13,20,23,27,37,44,16
2018-02-09,9,20,21,22,30,17
2018-02-06,7,13,21,26,37,12
2018-02-02,10,14,30,43,45,8
2018-01-30,2,16,23,31,35,10
2018-01-26,3,13,27,34,35,17
2018-01-23,9,10,16,35,44,13
2018-01-19,2,6,20,25,44,11
2018-01-16,7,12,13,28,42,3
2018-01-12,4,14,33,37,39,14
2018-01-09,19,23,24,32,35,13
2018-01-05,13,19,22,30,43,7
2018-01-02,6,9,26,27,42,8
2017-12-29,1,2,12,36,45,4
2017-12-26,4,6,18,24,29,18
2017-12-22,5,11,13,25,34,14
2017-12-19,13,15,25,31,35,8
2017-12-15,15,23,27,34,39,13
2017-12-12,12,22,31,33,40,1
2017-12-08,10,12,17,20,41,17
2017-12-05,9,10,18,23,27,2
2017-12-01,20,23,37,39,43,9
2017-11-28,19,24,25,32,44,19
2017-11-24,25,30,33,36,45,17
2017-11-21,9,10,25,32,37,5
2017-11-17,2,17,26,27,29,13
2017-11-14,9,15,24,26,31,2
2018-05-04,4,31,32,36,44,15
2018-05-01,2,6,14,29,30,5
2018-04-27,4,6,13,27,44,4
2018-04-24,2,11,23,24,33,18
2018-04-20,7,11,16,21,42,6
2018-04-17,12,21,23,31,32,11
2018-04-13,5,16,19,34,36,8
2018-04-10,12,22,26,42,43,10
2018-04-06,7,12,33,41,43,8
2018-04-03,21,22,32,40,44,6
2018-03-30,16,21,26,28,35,12
2018-03-27,8,26,30,42,44,9
2018-03-23,14,22,31,37,44,4
2018-03-20,12,19,22,40,45,8
2018-03-16,9,14,16,26,29,15
2018-03-13,17,22,23,25,45,17
2018-03-09,8,18,19,22,26,5
2018-03-06,6,11,12,19,32,20
2018-03-02,1,7,29,34,41,20
2018-02-27,7,15,30,31,36,2
2018-02-23,4,23,25,29,35,4
2018-02-20,8,15,27,28,43,15
2018-02-16,8,11,12,19,33,13
2018-02-13,20,23,27,37,44,16
2018-02-09,9,20,21,22,30,17
2018-02-06,7,13,21,26,37,12
2018-02-02,10,14,30,43,45,8
2018-01-30,2,16,23,31,35,10
2018-01-26,3,13,27,34,35,17
2018-01-23,9,10,16,35,44,13
2018-01-19,2,6,20,25,44,11
2018-01-16,7,12,13,28,42,3
2018-01-12,4,14,33,37,39,14
2018-01-09,19,23,24,32,35,13
2018-01-05,13,19,22,30,43,7
2018-01-02,6,9,26,27,42,8
2017-12-29,1,2,12,36,45,4
2017-12-26,4,6,18,24,29,18
2017-12-22,5,11,13,25,34,14
2017-12-19,13,15,25,31,35,8
2017-12-15,15,23,27,34,39,13
2017-12-12,12,22,31,33,40,1
2017-12-08,10,12,17,20,41,17
2017-12-05,9,10,18,23,27,2
2017-12-01,20,23,37,39,43,9
2017-11-28,19,24,25,32,44,19
2017-11-24,25,30,33,36,45,17
2017-11-21,9,10,25,32,37,5
2017-11-17,2,17,26,27,29,13
2017-11-14,9,15,24,26,31,2
2017-11-10,9,13,26,38,43,3
2017-11-07,11,12,15,16,30,12
2017-11-03,1,12,15,34,37,16
2017-10-31,1,9,13,20,24,16
2017-10-27,4,22,31,35,38,15
2017-10-24,1,4,6,19,27,14
2017-10-20,1,6,22,27,42,19
2017-10-17,9,22,25,40,45,9
2017-10-13,16,19,20,29,35,13
2017-10-10,6,22,27,29,32,2
2017-10-06,7,11,16,19,32,5
2017-10-03,9,15,26,41,45,12
2017-09-29,18,22,28,36,39,5
2017-09-26,15,21,30,33,40,16
2017-09-22,3,8,12,19,41,10
2017-09-19,6,14,35,39,41,15
2017-09-15,15,21,30,38,42,12
2017-09-12,5,16,21,26,34,18
2017-09-08,4,22,23,27,35,10
2017-09-05,7,9,20,24,36,2
2017-09-01,28,32,34,37,39,11
2017-08-29,4,10,14,32,37,20
2017-08-25,13,20,24,34,45,10
2017-08-22,10,12,23,29,35,18
2017-08-18,11,14,20,27,38,4
2017-08-15,15,24,29,30,43,4
2017-08-11,3,17,23,36,43,16
2017-08-08,9,13,26,28,34,5
2017-08-04,3,22,38,43,45,15
2017-08-01,12,21,27,33,40,9
2017-07-28,6,18,23,33,34,4
2017-07-25,11,14,31,33,34,6
2017-07-21,11,16,20,22,38,3
2017-07-18,22,25,30,31,36,14
2017-07-14,11,25,26,41,43,8
2017-07-11,9,10,13,27,36,17
2017-07-07,1,4,5,24,35,20
2017-07-04,18,22,30,34,35,2
2017-06-30,1,2,7,22,31,15
2017-06-27,1,27,28,35,42,10
2017-06-23,7,11,29,37,40,17
2017-06-20,2,9,15,16,17,14
2017-11-10,9,13,26,38,43,3
2017-11-07,11,12,15,16,30,12
2017-11-03,1,12,15,34,37,16
2017-10-31,1,9,13,20,24,16
2017-10-27,4,22,31,35,38,15
2017-10-24,1,4,6,19,27,14
2017-10-20,1,6,22,27,42,19
2017-10-17,9,22,25,40,45,9
2017-10-13,16,19,20,29,35,13
2017-10-10,6,22,27,29,32,2
2017-10-06,7,11,16,19,32,5
2017-10-03,9,15,26,41,45,12
2017-09-29,18,22,28,36,39,5
2017-09-26,15,21,30,33,40,16
2017-09-22,3,8,12,19,41,10
2017-09-19,6,14,35,39,41,15
2017-09-15,15,21,30,38,42,12
2017-09-12,5,16,21,26,34,18
2017-09-08,4,22,23,27,35,10
2017-09-05,7,9,20,24,36,2
2017-09-01,28,32,34,37,39,11
2017-08-29,4,10,14,32,37,20
2017-08-25,13,20,24,34,45,10
2017-08-22,10,12,23,29,35,18
2017-08-18,11,14,20,27,38,4
2017-08-15,15,24,29,30,43,4
2017-08-11,3,17,23,36,43,16
2017-08-08,9,13,26,28,34,5
2017-08-04,3,22,38,43,45,15
2017-08-01,12,21,27,33,40,9
2017-07-28,6,18,23,33,34,4
2017-07-25,11,14,31,33,34,6
2017-07-21,11,16,20,22,38,3
2017-07-18,22,25,30,31,36,14
2017-07-14,11,25,26,41,43,8
2017-07-11,9,10,13,27,36,17
2017-07-07,1,4,5,24,35,20
2017-07-04,18,22,30,34,35,2
2017-06-30,1,2,7,22,31,15
2017-06-27,1,27,28,35,42,10
2017-06-23,7,11,29,37,40,17
2017-06-20,2,9,15,16,17,14
2017-11-10,9,13,26,38,43,3
2017-11-07,11,12,15,16,30,12
2017-11-03,1,12,15,34,37,16
2017-10-31,1,9,13,20,24,16
2017-10-27,4,22,31,35,38,15
2017-10-24,1,4,6,19,27,14
2017-10-20,1,6,22,27,42,19
2017-10-17,9,22,25,40,45,9
2017-10-13,16,19,20,29,35,13
2017-10-10,6,22,27,29,32,2
2017-10-06,7,11,16,19,32,5
2017-10-03,9,15,26,41,45,12
2017-09-29,18,22,28,36,39,5
2017-09-26,15,21,30,33,40,16
2017-09-22,3,8,12,19,41,10
2017-09-19,6,14,35,39,41,15
2017-09-15,15,21,30,38,42,12
2017-09-12,5,16,21,26,34,18
2017-09-08,4,22,23,27,35,10
2017-09-05,7,9,20,24,36,2
2017-09-01,28,32,34,37,39,11
2017-08-29,4,10,14,32,37,20
2017-08-25,13,20,24,34,45,10
2017-08-22,10,12,23,29,35,18
2017-08-18,11,14,20,27,38,4
2017-08-15,15,24,29,30,43,4
2017-08-11,3,17,23,36,43,16
2017-08-08,9,13,26,28,34,5
2017-08-04,3,22,38,43,45,15
2017-08-01,12,21,27,33,40,9
2017-07-28,6,18,23,33,34,4
2017-07-25,11,14,31,33,34,6
2017-07-21,11,16,20,22,38,3
2017-07-18,22,25,30,31,36,14
2017-07-14,11,25,26,41,43,8
2017-07-11,9,10,13,27,36,17
2017-07-07,1,4,5,24,35,20
2017-07-04,18,22,30,34,35,2
2017-06-30,1,2,7,22,31,15
2017-06-27,1,27,28,35,42,10
2017-06-23,7,11,29,37,40,17
2017-06-20,2,9,15,16,17,14
2017-11-10,9,13,26,38,43,3
2017-11-07,11,12,15,16,30,12
2017-11-03,1,12,15,34,37,16
2017-10-31,1,9,13,20,24,16
2017-10-27,4,22,31,35,38,15
2017-10-24,1,4,6,19,27,14
2017-10-20,1,6,22,27,42,19
2017-10-17,9,22,25,40,45,9
2017-10-13,16,19,20,29,35,13
2017-10-10,6,22,27,29,32,2
2017-10-06,7,11,16,19,32,5
2017-10-03,9,15,26,41,45,12
2017-09-29,18,22,28,36,39,5
2017-09-26,15,21,30,33,40,16
2017-09-22,3,8,12,19,41,10
2017-09-19,6,14,35,39,41,15
2017-09-15,15,21,30,38,42,12
2017-09-12,5,16,21,26,34,18
2017-09-08,4,22,23,27,35,10
2017-09-05,7,9,20,24,36,2
2017-09-01,28,32,34,37,39,11
2017-08-29,4,10,14,32,37,20
2017-08-25,13,20,24,34,45,10
2017-08-22,10,12,23,29,35,18
2017-08-18,11,14,20,27,38,4
2017-08-15,15,24,29,30,43,4
2017-08-11,3,17,23,36,43,16
2017-08-08,9,13,26,28,34,5
2017-08-04,3,22,38,43,45,15
2017-08-01,12,21,27,33,40,9
2017-07-28,6,18,23,33,34,4
2017-07-25,11,14,31,33,34,6
2017-07-21,11,16,20,22,38,3
2017-07-18,22,25,30,31,36,14
2017-07-14,11,25,26,41,43,8
2017-07-11,9,10,13,27,36,17
2017-07-07,1,4,5,24,35,20
2017-07-04,18,22,30,34,35,2
2017-06-30,1,2,7,22,31,15
2017-06-27,1,27,28,35,42,10
2017-06-23,7,11,29,37,40,17
2017-06-20,2,9,15,16,17,14
